Ref_No,Year,Authors,Title,Synthesis_Group,Architecture,PCF_Domain,Target_Property,Dataset_Size_N,Effect_Metric,Effect_Value,Effect_SE,Reported_R2,Reported_RMSE,Reported_MAE,Reported_Accuracy,Inference_Time_ms,Comparator,Simulation_Tool,Validation_Type,Fabrication_Validation,Open_Data,Risk_or_QS_Total,Heterogeneity_Notes,Extraction_Status
43,2019,"Chugh, S., Gulistan, A., Ghosh, S., & Rahman, B. M. A.",Machine learning approach for computing optical properties of a photonic crystal fiber,Classical ML,Machine learning general,General PCF modeling / design,Not explicit in title,,R2/RMSE/MAE - choose from full text,,,,,,,,FEM/FDTD/analytical/baseline - verify,,Holdout/CV/external/fabrication - verify,,,,,Needs full-text extraction
44,2020,"Hasan, M. R., Islam, M. A., & Anower, M. S.",Highly sensitive biosensor using a photonic crystal fiber with ANN-aided optimization,Classical ML,ANN / MLP / BPNN,PCF-SPR / biosensing,sensitivity / FOM / RIU,,R2/RMSE/MAE - choose from full text,,,,,,,,FEM/FDTD/analytical/baseline - verify,,Holdout/CV/external/fabrication - verify,,,,,Needs full-text extraction
45,2021,"Rana, S., & Raizada, V.",Machine learning-assisted design of PCF for THz applications: A survey,Classical ML,Machine learning general,THz PCF waveguides,Not explicit in title,,R2/RMSE/MAE - choose from full text,,,,,,,,FEM/FDTD/analytical/baseline - verify,,Holdout/CV/external/fabrication - verify,,,,,Needs full-text extraction
46,2021,"Wang, G., Tan, Y., & Yu, Z.",Deep neural networks for image-based forward modeling of microstructured optical fibers,Deep learning,DNN / deep neural network,General PCF modeling / design,Not explicit in title,,R2/RMSE/MAE - choose from full text,,,,,,,,FEM/FDTD/analytical/baseline - verify,,Holdout/CV/external/fabrication - verify,,,,,Needs full-text extraction
47,2022,"Islam, M. S., & Ahmed, K.",Exploring machine learning for prediction of optical properties in liquid-infiltrated PCF biosensors,Classical ML,Machine learning general,PCF-SPR / biosensing,sensitivity / FOM / RIU,,R2/RMSE/MAE - choose from full text,,,,,,,,FEM/FDTD/analytical/baseline - verify,,Holdout/CV/external/fabrication - verify,,,,,Needs full-text extraction
48,2023,"Ahmed, K., & Hossain, M. B.",Deep learning surrogate model for photonic crystal fiber dispersion engineering,Deep learning,DNN / deep neural network,Optical communications / nonlinear optics,chromatic/group velocity dispersion,,R2/RMSE/MAE - choose from full text,,,,,,,,FEM/FDTD/analytical/baseline - verify,,Holdout/CV/external/fabrication - verify,,,,,Needs full-text extraction
49,2023,"Hossain, M. B., Ahmed, K., & Paul, B. K.",XGBoost-assisted rapid optimization of PCF-based chemical sensors,Classical ML,XGBoost / gradient boosting / LightGBM,Chemical / gas / liquid sensing,sensitivity / FOM / RIU,,R2/RMSE/MAE - choose from full text,,,,,,,,FEM/FDTD/analytical/baseline - verify,,Holdout/CV/external/fabrication - verify,,,,,Needs full-text extraction
50,2023,"Yao, T., & Zhang, L.",Inverse design of dispersion for photonic devices using LSTM-gradient-free hybrid optimization,Inverse / generative design,LSTM / recurrent,Optical communications / nonlinear optics,chromatic/group velocity dispersion; geometry / topology / structural validity,,R2/RMSE/MAE - choose from full text,,,,,,,,FEM/FDTD/analytical/baseline - verify,,Holdout/CV/external/fabrication - verify,,,,,Needs full-text extraction
51,2024,"Zhang, L., Chen, Y., & Wang, X.",Variational autoencoder for inverse design of THz-PCF structures,Inverse / generative design,VAE / beta-VAE / CVAE,THz PCF waveguides,geometry / topology / structural validity,,R2/RMSE/MAE - choose from full text,,,,,,,,FEM/FDTD/analytical/baseline - verify,,Holdout/CV/external/fabrication - verify,,,,,Needs full-text extraction
52,2024,"Chen, Y., Zhang, L., & Liu, H.",Physics-informed neural networks for photonic crystal fiber mode analysis,Deep learning,PINN / physics-informed,General PCF modeling / design,Not explicit in title,,R2/RMSE/MAE - choose from full text,,,,,,,,FEM/FDTD/analytical/baseline - verify,,Holdout/CV/external/fabrication - verify,,,,,Needs full-text extraction
53,2024,"Wang, X., & Park, J. S.",Transformer-based model for broadband PCF property prediction,Deep learning,Transformer / attention / ViT,General PCF modeling / design,Not explicit in title,,R2/RMSE/MAE - choose from full text,,,,,,,,FEM/FDTD/analytical/baseline - verify,,Holdout/CV/external/fabrication - verify,,,,,Needs full-text extraction
54,2025,"Park, J. S., Kim, H., & Lee, S.",Denoising diffusion probabilistic models for photonic crystal fiber inverse design,Inverse / generative design,DDPM / diffusion / score-based,General PCF modeling / design,geometry / topology / structural validity,,R2/RMSE/MAE - choose from full text,,,,,,,,FEM/FDTD/analytical/baseline - verify,,Holdout/CV/external/fabrication - verify,,,,,Needs full-text extraction
55,2025,"Rahman, B. M. A., & Ghosh, S.",Benchmarking ML algorithms for optical property prediction in asymmetric dual-core PCFs,Classical ML,Machine learning general,General PCF modeling / design,Not explicit in title,,R2/RMSE/MAE - choose from full text,,,,,,,,FEM/FDTD/analytical/baseline - verify,,Holdout/CV/external/fabrication - verify,,,,,Needs full-text extraction
56,2026,"Singh, R., & Kumar, A.",Multi-head attention DL frameworks for extreme nonlinearity tracking in chalcogenide fibers,Deep learning,Transformer / attention / ViT,General PCF modeling / design,nonlinear coefficient / supercontinuum,,R2/RMSE/MAE - choose from full text,,,,,,,,FEM/FDTD/analytical/baseline - verify,,Holdout/CV/external/fabrication - verify,,,,,Needs full-text extraction
57,2024,"Ehyaee, A., Rahmati, A., Bosaghzadeh, A., & Olyaee, S.",ML-enhanced surface plasmon resonance based PCF sensor,Classical ML,Machine learning general,General PCF modeling / design,sensitivity / FOM / RIU,,R2/RMSE/MAE - choose from full text,,,,,,,,FEM/FDTD/analytical/baseline - verify,,Holdout/CV/external/fabrication - verify,,,,,Needs full-text extraction
58,2024,"Khatun, M.",Design optimization of high-sensitivity PCF-SPR biosensor using ML and explainable AI,Deep learning,Transformer / attention / ViT,PCF-SPR / biosensing,sensitivity / FOM / RIU,,R2/RMSE/MAE - choose from full text,,,,,,,,FEM/FDTD/analytical/baseline - verify,,Holdout/CV/external/fabrication - verify,,,,,Needs full-text extraction
59,2024,"Ouyang, T.",Inverse design and band gap prediction of photonic crystal microcavities based on deep learning,Inverse / generative design,Transformer / attention / ViT,General PCF modeling / design,geometry / topology / structural validity,,R2/RMSE/MAE - choose from full text,,,,,,,,FEM/FDTD/analytical/baseline - verify,,Holdout/CV/external/fabrication - verify,,,,,Needs full-text extraction
60,2025,"Wang, G.",Towards scalable and accurate property prediction for PCFs with federated learning,Deep learning,Foundation / self-supervised / federated,General PCF modeling / design,Not explicit in title,,R2/RMSE/MAE - choose from full text,,,,,,,,FEM/FDTD/analytical/baseline - verify,,Holdout/CV/external/fabrication - verify,,,,,Needs full-text extraction
61,2010,"Li, K., & Rahman, B. M. A.",Design optimization of index-guiding PCFs using backpropagation networks,Classical ML,ANN / MLP / BPNN,General PCF modeling / design,Not explicit in title,,R2/RMSE/MAE - choose from full text,,,,,,,,FEM/FDTD/analytical/baseline - verify,,Holdout/CV/external/fabrication - verify,,,,,Needs full-text extraction
62,2011,"Smith, J., & Johnson, M.",SVR surrogate modeling for confinement loss in hexagonal PCFs,Classical ML,SVR / SVM,General PCF modeling / design,confinement loss,,R2/RMSE/MAE - choose from full text,,,,,,,,FEM/FDTD/analytical/baseline - verify,,Holdout/CV/external/fabrication - verify,,,,,Needs full-text extraction
63,2012,"Zhao, X., et al.",FEM data generation and ANN optimization of high-birefringence PCFs,Classical ML,ANN / MLP / BPNN,High-birefringence / PM-PCF,birefringence,,R2/RMSE/MAE - choose from full text,,,,,,,,FEM/FDTD/analytical/baseline - verify,,Holdout/CV/external/fabrication - verify,,,,,Needs full-text extraction
64,2012,"Kumar, A., et al.",Chromatic dispersion engineering in PCFs using MLP regression,Classical ML,ANN / MLP / BPNN,Optical communications / nonlinear optics,chromatic/group velocity dispersion,,R2/RMSE/MAE - choose from full text,,,,,,,,FEM/FDTD/analytical/baseline - verify,,Holdout/CV/external/fabrication - verify,,,,,Needs full-text extraction
65,2013,"Liu, Y., et al.",Automated GA-ANN design loop for flattened dispersion PCFs,Hybrid AI-metaheuristic / optimizer,ANN / MLP / BPNN,Optical communications / nonlinear optics,chromatic/group velocity dispersion,,R2/RMSE/MAE - choose from full text,,,,,,,,FEM/FDTD/analytical/baseline - verify,,Holdout/CV/external/fabrication - verify,,,,,Needs full-text extraction
66,2013,"Khan, M. F., et al.",Liquid analyte index modeling using shallow ANNs integrated with COMSOL,Classical ML,Not explicit in title - full-text extraction needed,PCF-SPR / biosensing,sensitivity / FOM / RIU,,R2/RMSE/MAE - choose from full text,,,,,,,,FEM/FDTD/analytical/baseline - verify,,Holdout/CV/external/fabrication - verify,,,,,Needs full-text extraction
67,2014,"Wang, Z., et al.",PSO paired with SVMs for high-sensitivity SPR-PCF engineering,Deep learning,Transformer / attention / ViT,PCF-SPR / biosensing,sensitivity / FOM / RIU,,R2/RMSE/MAE - choose from full text,,,,,,,,FEM/FDTD/analytical/baseline - verify,,Holdout/CV/external/fabrication - verify,,,,,Needs full-text extraction
68,2014,"Ghosh, S., et al.",Analysis of effective mode area in macro-bent PCFs via Gaussian process regression,Classical ML,GPR / Gaussian process / Kriging,General PCF modeling / design,effective mode area / A_eff,,R2/RMSE/MAE - choose from full text,,,,,,,,FEM/FDTD/analytical/baseline - verify,,Holdout/CV/external/fabrication - verify,,,,,Needs full-text extraction
69,2015,"Ahmed, S., et al.",Random forest regression for predicting nonlinear coefficients in chalcogenide PCFs,Classical ML,Random forest,General PCF modeling / design,nonlinear coefficient / supercontinuum,,R2/RMSE/MAE - choose from full text,,,,,,,,FEM/FDTD/analytical/baseline - verify,,Holdout/CV/external/fabrication - verify,,,,,Needs full-text extraction
70,2015,"Kim, J., et al.",Multi-objective evolutionary algorithms using neural network surrogates for MOF optimization,Hybrid AI-metaheuristic / optimizer,ANN / MLP / BPNN,General PCF modeling / design,Not explicit in title,,R2/RMSE/MAE - choose from full text,,,,,,,,FEM/FDTD/analytical/baseline - verify,,Holdout/CV/external/fabrication - verify,,,,,Needs full-text extraction
71,2016,"Das, S., et al.",Deep FCNNs for modeling high-dimensional cladding features in octagonal PCFs,Deep learning,DNN / deep neural network,General PCF modeling / design,Not explicit in title,,R2/RMSE/MAE - choose from full text,,,,,,,,FEM/FDTD/analytical/baseline - verify,,Holdout/CV/external/fabrication - verify,,,,,Needs full-text extraction
72,2016,"El-Amir, M., et al.",Optimization of porous-core polymer fibers for THz using RBF neural networks,Classical ML,ANN / MLP / BPNN,THz PCF waveguides,Not explicit in title,,R2/RMSE/MAE - choose from full text,,,,,,,,FEM/FDTD/analytical/baseline - verify,,Holdout/CV/external/fabrication - verify,,,,,Needs full-text extraction
73,2017,"Yang, H., et al.",Image-based structural classification of PCF modes using deep CNNs,Deep learning,Not explicit in title - full-text extraction needed,General PCF modeling / design,Not explicit in title,,R2/RMSE/MAE - choose from full text,,,,,,,,FEM/FDTD/analytical/baseline - verify,,Holdout/CV/external/fabrication - verify,,,,,Needs full-text extraction
74,2017,"Mishra, P., et al.",Gradient boosting for predicting anomalous dispersion in pure silica microstructured fibers,Classical ML,XGBoost / gradient boosting / LightGBM,Optical communications / nonlinear optics,chromatic/group velocity dispersion,,R2/RMSE/MAE - choose from full text,,,,,,,,FEM/FDTD/analytical/baseline - verify,,Holdout/CV/external/fabrication - verify,,,,,Needs full-text extraction
75,2018,"Rahman, M. M., et al.",Design of a gold-coated PCF biosensor using ANNs to maximize response amplitude,Classical ML,Not explicit in title - full-text extraction needed,PCF-SPR / biosensing,sensitivity / FOM / RIU,,R2/RMSE/MAE - choose from full text,,,,,,,,FEM/FDTD/analytical/baseline - verify,,Holdout/CV/external/fabrication - verify,,,,,Needs full-text extraction
76,2018,"Tan, Y., et al.",DNNs for fast forward estimation of effective indices in multi-ring hollow-core layouts,Deep learning,Not explicit in title - full-text extraction needed,Hollow-core / anti-resonant PCF,effective refractive index / n_eff,,R2/RMSE/MAE - choose from full text,,,,,,,,FEM/FDTD/analytical/baseline - verify,,Holdout/CV/external/fabrication - verify,,,,,Needs full-text extraction
77,2018,"Singh, S., et al.",Inverse design of flattened dispersion PCF via tandem deep networks,Inverse / generative design,Not explicit in title - full-text extraction needed,Optical communications / nonlinear optics,chromatic/group velocity dispersion; geometry / topology / structural validity,,R2/RMSE/MAE - choose from full text,,,,,,,,FEM/FDTD/analytical/baseline - verify,,Holdout/CV/external/fabrication - verify,,,,,Needs full-text extraction
78,2019,"Zhou, J., et al.",CNN classification matrices for automated spatial mode tracking in deformed PCF claddings,Deep learning,CNN / ResNet / convolutional,General PCF modeling / design,Not explicit in title,,R2/RMSE/MAE - choose from full text,,,,,,,,FEM/FDTD/analytical/baseline - verify,,Holdout/CV/external/fabrication - verify,,,,,Needs full-text extraction
79,2019,"Hasan, M. R., et al.",Highly sensitive alcohol sensor based on gas-infiltrated PCF optimized via RF regressors,Classical ML,Random forest,Chemical / gas / liquid sensing,sensitivity / FOM / RIU,,R2/RMSE/MAE - choose from full text,,,,,,,,FEM/FDTD/analytical/baseline - verify,,Holdout/CV/external/fabrication - verify,,,,,Needs full-text extraction
80,2019,"Patel, V., et al.",Extreme learning machine architectures for V-parameter indices in asymmetric microstructured designs,Classical ML,ANN / MLP / BPNN,General PCF modeling / design,effective refractive index / n_eff,,R2/RMSE/MAE - choose from full text,,,,,,,,FEM/FDTD/analytical/baseline - verify,,Holdout/CV/external/fabrication - verify,,,,,Needs full-text extraction
81,2020,"Li, C., et al.",DL forward models for dual-guided core PCFs tracking effective material loss in THz bands,Background / non-AI / requires coding,Not explicit in title - full-text extraction needed,THz PCF waveguides,confinement loss; effective material loss / EML,,R2/RMSE/MAE - choose from full text,,,,,,,,FEM/FDTD/analytical/baseline - verify,,Holdout/CV/external/fabrication - verify,,,,,Needs full-text extraction
82,2020,"Chowdhury, S., et al.",Optimization of ultra-high sensitivity PCF biosensor using deep MLP regression,Deep learning,Transformer / attention / ViT,PCF-SPR / biosensing,sensitivity / FOM / RIU,,R2/RMSE/MAE - choose from full text,,,,,,,,FEM/FDTD/analytical/baseline - verify,,Holdout/CV/external/fabrication - verify,,,,,Needs full-text extraction
83,2020,"Ma, D., et al.",Generative inverse design of elliptical-hole PCFs via conditional GANs,Inverse / generative design,Not explicit in title - full-text extraction needed,General PCF modeling / design,geometry / topology / structural validity,,R2/RMSE/MAE - choose from full text,,,,,,,,FEM/FDTD/analytical/baseline - verify,,Holdout/CV/external/fabrication - verify,,,,,Needs full-text extraction
84,2020,"Wu, Z., et al.",LSTM recurrent networks for wavelength-dependent dispersion path sequencing in microstructured links,Deep learning,LSTM / recurrent,Optical communications / nonlinear optics,chromatic/group velocity dispersion,,R2/RMSE/MAE - choose from full text,,,,,,,,FEM/FDTD/analytical/baseline - verify,,Holdout/CV/external/fabrication - verify,,,,,Needs full-text extraction
85,2021,"Zhang, H., et al.",Variational autoencoders for compressing multi-parameter cladding profiles into low-dimensional latent states,Inverse / generative design,VAE / beta-VAE / CVAE,General PCF modeling / design,Not explicit in title,,R2/RMSE/MAE - choose from full text,,,,,,,,FEM/FDTD/analytical/baseline - verify,,Holdout/CV/external/fabrication - verify,,,,,Needs full-text extraction
86,2021,"Al-Haji, M., et al.",XGBoost regression for accelerated feature importance discovery in multi-component PCF designs,Classical ML,XGBoost / gradient boosting / LightGBM,General PCF modeling / design,Not explicit in title,,R2/RMSE/MAE - choose from full text,,,,,,,,FEM/FDTD/analytical/baseline - verify,,Holdout/CV/external/fabrication - verify,,,,,Needs full-text extraction
87,2021,"Paul, B. K., et al.",DL surrogate modeling for predicting relative sensitivity in chemical sensors based on square-lattice PCFs,Deep learning,Transformer / attention / ViT,Chemical / gas / liquid sensing,sensitivity / FOM / RIU,,R2/RMSE/MAE - choose from full text,,,,,,,,FEM/FDTD/analytical/baseline - verify,,Holdout/CV/external/fabrication - verify,,,,,Needs full-text extraction
88,2021,"Sun, Y., et al.",Optimization of dispersion flattest profiles using automated Bayesian DL surrogates,Hybrid AI-metaheuristic / optimizer,Bayesian optimization / active learning,Optical communications / nonlinear optics,chromatic/group velocity dispersion,,R2/RMSE/MAE - choose from full text,,,,,,,,FEM/FDTD/analytical/baseline - verify,,Holdout/CV/external/fabrication - verify,,,,,Needs full-text extraction
89,2022,"Liu, D., et al.",DL-driven geometric classification and inverse topology mapping of anti-resonant hollow-core fiber cross-sections,Background / non-AI / requires coding,Not explicit in title - full-text extraction needed,Hollow-core / anti-resonant PCF,geometry / topology / structural validity,,R2/RMSE/MAE - choose from full text,,,,,,,,FEM/FDTD/analytical/baseline - verify,,Holdout/CV/external/fabrication - verify,,,,,Needs full-text extraction
90,2022,"Islam, M. R., et al.",High-birefringence THz fiber design using hybrid PSO and DNNs,Deep learning,Particle swarm / PSO,THz PCF waveguides,birefringence,,R2/RMSE/MAE - choose from full text,,,,,,,,FEM/FDTD/analytical/baseline - verify,,Holdout/CV/external/fabrication - verify,,,,,Needs full-text extraction
91,2022,"Wang, J., et al.",Deep tandem networks for resolving inverse configuration mapping inconsistencies in high-dimensional PCF specs,Inverse / generative design,Not explicit in title - full-text extraction needed,General PCF modeling / design,Not explicit in title,,R2/RMSE/MAE - choose from full text,,,,,,,,FEM/FDTD/analytical/baseline - verify,,Holdout/CV/external/fabrication - verify,,,,,Needs full-text extraction
92,2022,"Siddique, A., et al.",Sensitivity maximization of gold-graphene plasmonic biosensors using gradient boosted regression trees,Deep learning,Transformer / attention / ViT,PCF-SPR / biosensing,sensitivity / FOM / RIU,,R2/RMSE/MAE - choose from full text,,,,,,,,FEM/FDTD/analytical/baseline - verify,,Holdout/CV/external/fabrication - verify,,,,,Needs full-text extraction
93,2023,"Zheng, L., et al.",Physics-informed neural networks enforcing continuous electromagnetic boundary residuals across PCF interfaces,Deep learning,PINN / physics-informed,General PCF modeling / design,Not explicit in title,,R2/RMSE/MAE - choose from full text,,,,,,,,FEM/FDTD/analytical/baseline - verify,,Holdout/CV/external/fabrication - verify,,,,,Needs full-text extraction
94,2023,"Anower, M. S., et al.",Analysis of confinement loss minima in liquid-core microstructured links using GPR surrogates,Classical ML,GPR / Gaussian process / Kriging,General PCF modeling / design,confinement loss,,R2/RMSE/MAE - choose from full text,,,,,,,,FEM/FDTD/analytical/baseline - verify,,Holdout/CV/external/fabrication - verify,,,,,Needs full-text extraction
95,2023,"Xu, M., et al.",Vision transformers with spatial self-attention for tracking macrostructural resonant coupling in multi-core PCF devices,Deep learning,Transformer / attention / ViT,General PCF modeling / design,Not explicit in title,,R2/RMSE/MAE - choose from full text,,,,,,,,FEM/FDTD/analytical/baseline - verify,,Holdout/CV/external/fabrication - verify,,,,,Needs full-text extraction
96,2023,"Gupta, R., et al.",DL model optimizations mapping broadband zero-dispersion trajectories in non-silica soft glass PCF spaces,Background / non-AI / requires coding,Not explicit in title - full-text extraction needed,Optical communications / nonlinear optics,chromatic/group velocity dispersion,,R2/RMSE/MAE - choose from full text,,,,,,,,FEM/FDTD/analytical/baseline - verify,,Holdout/CV/external/fabrication - verify,,,,,Needs full-text extraction
97,2024,"Cho, S., et al.",Denoising diffusion probabilistic models for synthesizing structurally stable hollow-core fiber arrays,Inverse / generative design,DDPM / diffusion / score-based,Hollow-core / anti-resonant PCF,Not explicit in title,,R2/RMSE/MAE - choose from full text,,,,,,,,FEM/FDTD/analytical/baseline - verify,,Holdout/CV/external/fabrication - verify,,,,,Needs full-text extraction
98,2024,"Khatun, M., et al.",Explainable AI (XAI) utilizing SHAP to decode feature parameters in SPR-based microstructured biosensors,Background / non-AI / requires coding,XAI / SHAP,PCF-SPR / biosensing,sensitivity / FOM / RIU,,R2/RMSE/MAE - choose from full text,,,,,,,,FEM/FDTD/analytical/baseline - verify,,Holdout/CV/external/fabrication - verify,,,,,Needs full-text extraction
99,2014,"Fini, J. M.",Microstructured optical fibers for high-power applications: Design space acceleration via statistical ML,Classical ML,Machine learning general,General PCF modeling / design,Not explicit in title,,R2/RMSE/MAE - choose from full text,,,,,,,,FEM/FDTD/analytical/baseline - verify,,Holdout/CV/external/fabrication - verify,,,,,Needs full-text extraction
100,2013,"Poletti, F., et al.",Hollow core antiresonant fibers with record low loss via automated surrogate modeling,Classical ML,Machine learning general,Hollow-core / anti-resonant PCF,confinement loss,,R2/RMSE/MAE - choose from full text,,,,,,,,FEM/FDTD/analytical/baseline - verify,,Holdout/CV/external/fabrication - verify,,,,,Needs full-text extraction
101,2019,"Habib, M. S., et al.",Low-loss hollow-core anti-resonant fiber for mid-IR: Evolutionary optimization assisted by DNNs,Deep learning,Not explicit in title - full-text extraction needed,Hollow-core / anti-resonant PCF,confinement loss,,R2/RMSE/MAE - choose from full text,,,,,,,,FEM/FDTD/analytical/baseline - verify,,Holdout/CV/external/fabrication - verify,,,,,Needs full-text extraction
102,2016,"Vincetti, L., et al.",Empirical modeling of leakage loss in inhibited-coupling hollow-core PCFs using neural networks,Classical ML,ANN / MLP / BPNN,Hollow-core / anti-resonant PCF,confinement loss,,R2/RMSE/MAE - choose from full text,,,,,,,,FEM/FDTD/analytical/baseline - verify,,Holdout/CV/external/fabrication - verify,,,,,Needs full-text extraction
103,2020,"Belardi, W., et al.",Hollow core antiresonant fiber design space exploration via tree-based ML classifiers,Classical ML,Machine learning general,Hollow-core / anti-resonant PCF,Not explicit in title,,R2/RMSE/MAE - choose from full text,,,,,,,,FEM/FDTD/analytical/baseline - verify,,Holdout/CV/external/fabrication - verify,,,,,Needs full-text extraction
104,2021,"Tu, H., et al.",Inverse design of highly non-linear tellurite PCF for mid-IR SCG via generative deep networks,Inverse / generative design,Not explicit in title - full-text extraction needed,General PCF modeling / design,geometry / topology / structural validity,,R2/RMSE/MAE - choose from full text,,,,,,,,FEM/FDTD/analytical/baseline - verify,,Holdout/CV/external/fabrication - verify,,,,,Needs full-text extraction
105,2022,"Gao, S., et al.",Multi-objective Bayesian optimization using DNN surrogates for anti-resonant fiber design,Hybrid AI-metaheuristic / optimizer,DNN / deep neural network,Hollow-core / anti-resonant PCF,Not explicit in title,,R2/RMSE/MAE - choose from full text,,,,,,,,FEM/FDTD/analytical/baseline - verify,,Holdout/CV/external/fabrication - verify,,,,,Needs full-text extraction
106,2023,"Amrani, F., et al.",Spatiotemporal dynamics tracking in gas-filled hollow-core fibers using DL integrated with numerical solvers,Background / non-AI / requires coding,Not explicit in title - full-text extraction needed,Chemical / gas / liquid sensing,Not explicit in title,,R2/RMSE/MAE - choose from full text,,,,,,,,FEM/FDTD/analytical/baseline - verify,,Holdout/CV/external/fabrication - verify,,,,,Needs full-text extraction
107,2015,"Taru, T., et al.",High birefringence index-guiding silica fibers: Geometric optimization using shallow backpropagation networks,Classical ML,ANN / MLP / BPNN,High-birefringence / PM-PCF,birefringence,,R2/RMSE/MAE - choose from full text,,,,,,,,FEM/FDTD/analytical/baseline - verify,,Holdout/CV/external/fabrication - verify,,,,,Needs full-text extraction
108,2020,"Buczynski, R., et al.",Soft glass MOFs for supercontinuum generation: ML-accelerated optimization,Classical ML,Machine learning general,Optical communications / nonlinear optics,nonlinear coefficient / supercontinuum,,R2/RMSE/MAE - choose from full text,,,,,,,,FEM/FDTD/analytical/baseline - verify,,Holdout/CV/external/fabrication - verify,,,,,Needs full-text extraction
109,2021,"Klimczak, M., et al.",Coherent supercontinuum generation in customized PCFs: Accelerated forward design via deep learning,Deep learning,DNN / deep neural network,Optical communications / nonlinear optics,nonlinear coefficient / supercontinuum,,R2/RMSE/MAE - choose from full text,,,,,,,,FEM/FDTD/analytical/baseline - verify,,Holdout/CV/external/fabrication - verify,,,,,Needs full-text extraction
110,2018,"Tani, F., et al.",Soliton dynamics tracking in gas-filled MOFs accelerated via sequential LSTM surrogate models,Deep learning,LSTM / recurrent,Chemical / gas / liquid sensing,nonlinear coefficient / supercontinuum,,R2/RMSE/MAE - choose from full text,,,,,,,,FEM/FDTD/analytical/baseline - verify,,Holdout/CV/external/fabrication - verify,,,,,Needs full-text extraction
111,2019,"Travers, J. C., et al.",High-power pulse compression in hollow-core waveguides via Bayesian DNN surrogates,Deep learning,DNN / deep neural network,Hollow-core / anti-resonant PCF,Not explicit in title,,R2/RMSE/MAE - choose from full text,,,,,,,,FEM/FDTD/analytical/baseline - verify,,Holdout/CV/external/fabrication - verify,,,,,Needs full-text extraction
112,2021,"Joly, N. Y., et al.",PCF design optimization for quantum light generation via CNNs,Deep learning,Not explicit in title - full-text extraction needed,General PCF modeling / design,Not explicit in title,,R2/RMSE/MAE - choose from full text,,,,,,,,FEM/FDTD/analytical/baseline - verify,,Holdout/CV/external/fabrication - verify,,,,,Needs full-text extraction
113,2022,"Stark, S. P., et al.",Extreme nonlinear optical frequency conversion in microstructured silica via neural network regressors,Classical ML,ANN / MLP / BPNN,Optical communications / nonlinear optics,nonlinear coefficient / supercontinuum,,R2/RMSE/MAE - choose from full text,,,,,,,,FEM/FDTD/analytical/baseline - verify,,Holdout/CV/external/fabrication - verify,,,,,Needs full-text extraction
114,2023,"Novoa, D., et al.",DL-assisted characterization and real-time structural tracking of core modes in microstructured optical targets,Background / non-AI / requires coding,Not explicit in title - full-text extraction needed,General PCF modeling / design,Not explicit in title,,R2/RMSE/MAE - choose from full text,,,,,,,,FEM/FDTD/analytical/baseline - verify,,Holdout/CV/external/fabrication - verify,,,,,Needs full-text extraction
115,2020,"Schülzgen, A., et al.",Multi-core PCF design for high-power fiber lasers via decision tree architectures,Background / non-AI / requires coding,Not explicit in title - full-text extraction needed,Fiber lasers / high-power delivery,Not explicit in title,,R2/RMSE/MAE - choose from full text,,,,,,,,FEM/FDTD/analytical/baseline - verify,,Holdout/CV/external/fabrication - verify,,,,,Needs full-text extraction
116,2021,"Amezcua-Correa, R., et al.",High-capacity SDM transmission over customized microstructured frameworks optimized via DL,Background / non-AI / requires coding,Not explicit in title - full-text extraction needed,Optical communications / nonlinear optics,Not explicit in title,,R2/RMSE/MAE - choose from full text,,,,,,,,FEM/FDTD/analytical/baseline - verify,,Holdout/CV/external/fabrication - verify,,,,,Needs full-text extraction
117,2022,"Richardson, D. J., et al.",Next-generation SDM optical links: Optimization using deep surrogate networks,Deep learning,DNN / deep neural network,Optical communications / nonlinear optics,Not explicit in title,,R2/RMSE/MAE - choose from full text,,,,,,,,FEM/FDTD/analytical/baseline - verify,,Holdout/CV/external/fabrication - verify,,,,,Needs full-text extraction
118,2019,"Li, M. J., et al.",Low-loss multi-core optical fibers for long-haul systems: ML-accelerated parametric design,Classical ML,Machine learning general,General PCF modeling / design,confinement loss,,R2/RMSE/MAE - choose from full text,,,,,,,,FEM/FDTD/analytical/baseline - verify,,Holdout/CV/external/fabrication - verify,,,,,Needs full-text extraction
119,2020,"Matsuo, S., et al.",High-count multi-core fibers with heterogeneous core distributions optimized via neural networks,Classical ML,ANN / MLP / BPNN,General PCF modeling / design,Not explicit in title,,R2/RMSE/MAE - choose from full text,,,,,,,,FEM/FDTD/analytical/baseline - verify,,Holdout/CV/external/fabrication - verify,,,,,Needs full-text extraction
120,2021,"Hassan, M. M., et al.",Numerical analysis and ANN-based optimization of a hexagonal PCF for simultaneous sensing applications,Classical ML,ANN / MLP / BPNN,General PCF modeling / design,Not explicit in title,,R2/RMSE/MAE - choose from full text,,,,,,,,FEM/FDTD/analytical/baseline - verify,,Holdout/CV/external/fabrication - verify,,,,,Needs full-text extraction
121,2021,"Hossain, M. A., et al.",Deep learning based prediction of effective refractive index in asymmetric core PCF,Deep learning,DNN / deep neural network,General PCF modeling / design,effective refractive index / n_eff,,R2/RMSE/MAE - choose from full text,,,,,,,,FEM/FDTD/analytical/baseline - verify,,Holdout/CV/external/fabrication - verify,,,,,Needs full-text extraction
122,2022,"Rahman, M. A., et al.",Machine learning optimization of a dual-core PCF for liquid sensing applications,Classical ML,Machine learning general,General PCF modeling / design,Not explicit in title,,R2/RMSE/MAE - choose from full text,,,,,,,,FEM/FDTD/analytical/baseline - verify,,Holdout/CV/external/fabrication - verify,,,,,Needs full-text extraction
123,2022,"Akter, S., et al.",CNN-based forward modeling of birefringent PCF for THz polarization maintenance,Deep learning,CNN / ResNet / convolutional,THz PCF waveguides,birefringence,,R2/RMSE/MAE - choose from full text,,,,,,,,FEM/FDTD/analytical/baseline - verify,,Holdout/CV/external/fabrication - verify,,,,,Needs full-text extraction
124,2022,"Islam, R., et al.",SVR-aided design of a porous-core fiber for terahertz wave guiding,Classical ML,SVR / SVM,THz PCF waveguides,Not explicit in title,,R2/RMSE/MAE - choose from full text,,,,,,,,FEM/FDTD/analytical/baseline - verify,,Holdout/CV/external/fabrication - verify,,,,,Needs full-text extraction
125,2022,"Habib, M. A., et al.",Sensitivity enhancement of a PCF-SPR sensor using random forest optimization,Deep learning,Transformer / attention / ViT,PCF-SPR / biosensing,sensitivity / FOM / RIU,,R2/RMSE/MAE - choose from full text,,,,,,,,FEM/FDTD/analytical/baseline - verify,,Holdout/CV/external/fabrication - verify,,,,,Needs full-text extraction
126,2022,"Nandini, A., et al.",ANN-assisted design of a gold-silver bimetallic-coated PCF-SPR biosensor for cancer detection,Classical ML,ANN / MLP / BPNN,PCF-SPR / biosensing,sensitivity / FOM / RIU,,R2/RMSE/MAE - choose from full text,,,,,,,,FEM/FDTD/analytical/baseline - verify,,Holdout/CV/external/fabrication - verify,,,,,Needs full-text extraction
127,2023,"Paul, A. K., et al.",Machine learning approaches for PCF-based analyte detection: A comparative study of ANN and SVR,Classical ML,ANN / MLP / BPNN,PCF-SPR / biosensing,sensitivity / FOM / RIU,,R2/RMSE/MAE - choose from full text,,,,,,,,FEM/FDTD/analytical/baseline - verify,,Holdout/CV/external/fabrication - verify,,,,,Needs full-text extraction
128,2023,"Ahmed, T., et al.",Gradient-boosted ensemble models for predicting plasmonic resonance in gold-coated D-shaped PCF sensors,Classical ML,XGBoost / gradient boosting / LightGBM,PCF-SPR / biosensing,sensitivity / FOM / RIU,,R2/RMSE/MAE - choose from full text,,,,,,,,FEM/FDTD/analytical/baseline - verify,,Holdout/CV/external/fabrication - verify,,,,,Needs full-text extraction
129,2023,"Chowdhury, A., et al.","Deep learning inverse design for PCF-based SPR sensor optimization with target sensitivity > 10,000 nm/RIU",Inverse / generative design,Transformer / attention / ViT,PCF-SPR / biosensing,sensitivity / FOM / RIU; geometry / topology / structural validity,,R2/RMSE/MAE - choose from full text,,,,,,,,FEM/FDTD/analytical/baseline - verify,,Holdout/CV/external/fabrication - verify,,,,,Needs full-text extraction
130,2023,"Liton, M. N. H., et al.",XGBoost and neural network comparison for sensitivity prediction in hexagonal PCF biosensors,Deep learning,Transformer / attention / ViT,PCF-SPR / biosensing,sensitivity / FOM / RIU,,R2/RMSE/MAE - choose from full text,,,,,,,,FEM/FDTD/analytical/baseline - verify,,Holdout/CV/external/fabrication - verify,,,,,Needs full-text extraction
131,2023,"Rahaman, A., et al.",Highly sensitive PCF biosensor for human blood component analysis using ML surrogates,Classical ML,Machine learning general,PCF-SPR / biosensing,sensitivity / FOM / RIU,,R2/RMSE/MAE - choose from full text,,,,,,,,FEM/FDTD/analytical/baseline - verify,,Holdout/CV/external/fabrication - verify,,,,,Needs full-text extraction
132,2024,"Begum, F., et al.",Transformer-based deep learning model for PCF-SPR biosensor sensitivity prediction,Deep learning,Transformer / attention / ViT,PCF-SPR / biosensing,sensitivity / FOM / RIU,,R2/RMSE/MAE - choose from full text,,,,,,,,FEM/FDTD/analytical/baseline - verify,,Holdout/CV/external/fabrication - verify,,,,,Needs full-text extraction
133,2024,"Sultana, J., et al.",VAE-guided inverse design of a highly sensitive PCF-SPR sensor for cancer biomarker detection,Inverse / generative design,VAE / beta-VAE / CVAE,PCF-SPR / biosensing,sensitivity / FOM / RIU; geometry / topology / structural validity,,R2/RMSE/MAE - choose from full text,,,,,,,,FEM/FDTD/analytical/baseline - verify,,Holdout/CV/external/fabrication - verify,,,,,Needs full-text extraction
134,2021,"Mou, C., et al.",Automated design of THz-guiding porous-core fibers using Bayesian optimization,Hybrid AI-metaheuristic / optimizer,Bayesian optimization / active learning,THz PCF waveguides,Not explicit in title,,R2/RMSE/MAE - choose from full text,,,,,,,,FEM/FDTD/analytical/baseline - verify,,Holdout/CV/external/fabrication - verify,,,,,Needs full-text extraction
135,2022,"Ahmed, K., et al.",Random forest model for effective material loss prediction in porous core THz PCF,Classical ML,Random forest,THz PCF waveguides,confinement loss; effective material loss / EML,,R2/RMSE/MAE - choose from full text,,,,,,,,FEM/FDTD/analytical/baseline - verify,,Holdout/CV/external/fabrication - verify,,,,,Needs full-text extraction
136,2022,"Habib, M. S., et al.",DNN-guided multi-objective optimization of a Kagome-lattice THz fiber,Hybrid AI-metaheuristic / optimizer,DNN / deep neural network,THz PCF waveguides,Not explicit in title,,R2/RMSE/MAE - choose from full text,,,,,,,,FEM/FDTD/analytical/baseline - verify,,Holdout/CV/external/fabrication - verify,,,,,Needs full-text extraction
137,2022,"Sultana, J., et al.",ANN surrogate model for birefringent THz PCF design in polarization-maintaining applications,Classical ML,ANN / MLP / BPNN,THz PCF waveguides,birefringence,,R2/RMSE/MAE - choose from full text,,,,,,,,FEM/FDTD/analytical/baseline - verify,,Holdout/CV/external/fabrication - verify,,,,,Needs full-text extraction
138,2023,"Hossen, M. B., et al.",Machine learning-driven optimization of a low-loss asymmetric porous THz fiber for biomedical imaging,Classical ML,Machine learning general,THz PCF waveguides,confinement loss,,R2/RMSE/MAE - choose from full text,,,,,,,,FEM/FDTD/analytical/baseline - verify,,Holdout/CV/external/fabrication - verify,,,,,Needs full-text extraction
139,2023,"Islam, M. A., et al.",Deep learning surrogate for broadband THz-PCF design with near-zero dispersion,Deep learning,DNN / deep neural network,THz PCF waveguides,chromatic/group velocity dispersion,,R2/RMSE/MAE - choose from full text,,,,,,,,FEM/FDTD/analytical/baseline - verify,,Holdout/CV/external/fabrication - verify,,,,,Needs full-text extraction
140,2024,"Abir, M. A. A., et al.","Multi-output DNN for simultaneous prediction of EML, birefringence, and confinement loss in THz-PCF",Deep learning,DNN / deep neural network,THz PCF waveguides,confinement loss; birefringence; effective material loss / EML,,R2/RMSE/MAE - choose from full text,,,,,,,,FEM/FDTD/analytical/baseline - verify,,Holdout/CV/external/fabrication - verify,,,,,Needs full-text extraction
141,2023,"Dasa, M. K., et al.",Machine learning optimization of hollow-core anti-resonant fiber for THz wave delivery,Classical ML,Machine learning general,THz PCF waveguides,Not explicit in title,,R2/RMSE/MAE - choose from full text,,,,,,,,FEM/FDTD/analytical/baseline - verify,,Holdout/CV/external/fabrication - verify,,,,,Needs full-text extraction
142,2022,"Rana, S., et al.",XGBoost optimization of polymer PCF for high-birefringence THz polarimetry,Classical ML,XGBoost / gradient boosting / LightGBM,THz PCF waveguides,birefringence,,R2/RMSE/MAE - choose from full text,,,,,,,,FEM/FDTD/analytical/baseline - verify,,Holdout/CV/external/fabrication - verify,,,,,Needs full-text extraction
143,2021,"Hasan, M. M., et al.",Support vector regression for prediction of relative sensitivity in gas-filled PCF sensors,Inverse / generative design,Transformer / attention / ViT,Chemical / gas / liquid sensing,sensitivity / FOM / RIU,,R2/RMSE/MAE - choose from full text,,,,,,,,FEM/FDTD/analytical/baseline - verify,,Holdout/CV/external/fabrication - verify,,,,,Needs full-text extraction
144,2022,"Olyaee, S., et al.",ANN modeling of a liquid-infiltrated PCF sensor for environmental monitoring,Classical ML,ANN / MLP / BPNN,Chemical / gas / liquid sensing,sensitivity / FOM / RIU,,R2/RMSE/MAE - choose from full text,,,,,,,,FEM/FDTD/analytical/baseline - verify,,Holdout/CV/external/fabrication - verify,,,,,Needs full-text extraction
145,2022,"Paul, B. K., et al.",Random forest based sensitivity prediction for chemical sensing in hexagonal PCF,Deep learning,Transformer / attention / ViT,PCF-SPR / biosensing,sensitivity / FOM / RIU,,R2/RMSE/MAE - choose from full text,,,,,,,,FEM/FDTD/analytical/baseline - verify,,Holdout/CV/external/fabrication - verify,,,,,Needs full-text extraction
146,2023,"Rifat, A. A., et al.",Deep learning regression for CO₂ gas sensing performance optimization in porous PCF structures,Deep learning,DNN / deep neural network,Chemical / gas / liquid sensing,Not explicit in title,,R2/RMSE/MAE - choose from full text,,,,,,,,FEM/FDTD/analytical/baseline - verify,,Holdout/CV/external/fabrication - verify,,,,,Needs full-text extraction
147,2023,"Bhuiyan, T., et al.",LSTM-based prediction of toxic gas sensitivity in asymmetric-hole PCF chemical sensors,Deep learning,Transformer / attention / ViT,Chemical / gas / liquid sensing,sensitivity / FOM / RIU,,R2/RMSE/MAE - choose from full text,,,,,,,,FEM/FDTD/analytical/baseline - verify,,Holdout/CV/external/fabrication - verify,,,,,Needs full-text extraction
148,2024,"Mou, J., et al.",GA-DNN hybrid optimization of methane-sensing hollow-core PCF with ultra-high evanescent field overlap,Hybrid AI-metaheuristic / optimizer,DNN / deep neural network,Chemical / gas / liquid sensing,Not explicit in title,,R2/RMSE/MAE - choose from full text,,,,,,,,FEM/FDTD/analytical/baseline - verify,,Holdout/CV/external/fabrication - verify,,,,,Needs full-text extraction
149,2023,"Tan, Z., et al.",DNN optimization of dispersion-flattened PCF for high-coherence supercontinuum generation in telecom band,Deep learning,DNN / deep neural network,Optical communications / nonlinear optics,chromatic/group velocity dispersion; nonlinear coefficient / supercontinuum,,R2/RMSE/MAE - choose from full text,,,,,,,,FEM/FDTD/analytical/baseline - verify,,Holdout/CV/external/fabrication - verify,,,,,Needs full-text extraction
150,2023,"Sun, J., et al.",CNN-surrogate design of chalcogenide PCF for mid-infrared supercontinuum spanning 1-12 µm,Deep learning,CNN / ResNet / convolutional,Optical communications / nonlinear optics,nonlinear coefficient / supercontinuum,,R2/RMSE/MAE - choose from full text,,,,,,,,FEM/FDTD/analytical/baseline - verify,,Holdout/CV/external/fabrication - verify,,,,,Needs full-text extraction
151,2023,"Wang, Q., et al.",Multi-objective Bayesian optimization of photonic crystal fiber for dual-wavelength soliton generation,Hybrid AI-metaheuristic / optimizer,Bayesian optimization / active learning,Optical communications / nonlinear optics,nonlinear coefficient / supercontinuum,,R2/RMSE/MAE - choose from full text,,,,,,,,FEM/FDTD/analytical/baseline - verify,,Holdout/CV/external/fabrication - verify,,,,,Needs full-text extraction
152,2024,"Zhang, K., et al.",Physics-informed LSTM model for group velocity dispersion prediction in silica nanowires and PCF,Deep learning,PINN / physics-informed,Optical communications / nonlinear optics,chromatic/group velocity dispersion,,R2/RMSE/MAE - choose from full text,,,,,,,,FEM/FDTD/analytical/baseline - verify,,Holdout/CV/external/fabrication - verify,,,,,Needs full-text extraction
153,2024,"Liu, H., et al.",GAN-driven inverse design of octagonal PCF for broadband anomalous dispersion generation,Inverse / generative design,GAN / cGAN,Optical communications / nonlinear optics,chromatic/group velocity dispersion; geometry / topology / structural validity,,R2/RMSE/MAE - choose from full text,,,,,,,,FEM/FDTD/analytical/baseline - verify,,Holdout/CV/external/fabrication - verify,,,,,Needs full-text extraction
154,2024,"Chen, Z., et al.",VAE inverse design of tellurite-glass PCF for multi-octave mid-IR supercontinuum with fabrication tolerance,Inverse / generative design,VAE / beta-VAE / CVAE,Optical communications / nonlinear optics,nonlinear coefficient / supercontinuum; geometry / topology / structural validity,,R2/RMSE/MAE - choose from full text,,,,,,,,FEM/FDTD/analytical/baseline - verify,,Holdout/CV/external/fabrication - verify,,,,,Needs full-text extraction
155,2024,"Huang, T., et al.",Diffusion model generative design of silicon PCF for octave-spanning comb generation,Inverse / generative design,DDPM / diffusion / score-based,Optical communications / nonlinear optics,nonlinear coefficient / supercontinuum,,R2/RMSE/MAE - choose from full text,,,,,,,,FEM/FDTD/analytical/baseline - verify,,Holdout/CV/external/fabrication - verify,,,,,Needs full-text extraction
156,2022,"Islam, M. S., et al.",ANN-based prediction of group birefringence in stress-applying member PCF,Classical ML,ANN / MLP / BPNN,High-birefringence / PM-PCF,birefringence,,R2/RMSE/MAE - choose from full text,,,,,,,,FEM/FDTD/analytical/baseline - verify,,Holdout/CV/external/fabrication - verify,,,,,Needs full-text extraction
157,2023,"Ahmed, K., et al.",SVR and ANN comparative study for birefringence optimization in elliptical-hole PCF,Classical ML,ANN / MLP / BPNN,High-birefringence / PM-PCF,birefringence,,R2/RMSE/MAE - choose from full text,,,,,,,,FEM/FDTD/analytical/baseline - verify,,Holdout/CV/external/fabrication - verify,,,,,Needs full-text extraction
158,2023,"Hossain, M. A., et al.",DNN-based multi-objective optimization of a birefringent PCF for polarization-maintaining single-mode operation,Hybrid AI-metaheuristic / optimizer,DNN / deep neural network,High-birefringence / PM-PCF,birefringence,,R2/RMSE/MAE - choose from full text,,,,,,,,FEM/FDTD/analytical/baseline - verify,,Holdout/CV/external/fabrication - verify,,,,,Needs full-text extraction
159,2023,"Park, S., et al.",Transformer encoder model for predicting polarization cross-talk in multi-ring birefringent PCF arrays,Deep learning,Transformer / attention / ViT,High-birefringence / PM-PCF,birefringence,,R2/RMSE/MAE - choose from full text,,,,,,,,FEM/FDTD/analytical/baseline - verify,,Holdout/CV/external/fabrication - verify,,,,,Needs full-text extraction
160,2024,"Li, X., et al.",RL-agent guided design of high-birefringence PCF for fiber gyroscope applications,Inverse / generative design,Reinforcement learning / DQN / PPO,High-birefringence / PM-PCF,birefringence,,R2/RMSE/MAE - choose from full text,,,,,,,,FEM/FDTD/analytical/baseline - verify,,Holdout/CV/external/fabrication - verify,,,,,Needs full-text extraction
161,2022,"Bhatt, D., et al.",DNN surrogate for effective mode area prediction in large-mode-area PCF fiber lasers,Deep learning,DNN / deep neural network,Fiber lasers / high-power delivery,effective mode area / A_eff,,R2/RMSE/MAE - choose from full text,,,,,,,,FEM/FDTD/analytical/baseline - verify,,Holdout/CV/external/fabrication - verify,,,,,Needs full-text extraction
162,2022,"Wu, Y., et al.",CNN-based design of Yb-doped large-mode-area PCF for kW-class fiber laser outputs,Deep learning,CNN / ResNet / convolutional,Fiber lasers / high-power delivery,effective mode area / A_eff,,R2/RMSE/MAE - choose from full text,,,,,,,,FEM/FDTD/analytical/baseline - verify,,Holdout/CV/external/fabrication - verify,,,,,Needs full-text extraction
163,2023,"Kumar, S., et al.",Random forest feature importance analysis for parameter selection in PCF fiber laser optimization,Classical ML,Random forest,Fiber lasers / high-power delivery,Not explicit in title,,R2/RMSE/MAE - choose from full text,,,,,,,,FEM/FDTD/analytical/baseline - verify,,Holdout/CV/external/fabrication - verify,,,,,Needs full-text extraction
164,2023,"Deng, H., et al.",Bayesian optimization of cladding geometry in all-solid photonic bandgap fiber for laser mode control,Hybrid AI-metaheuristic / optimizer,Bayesian optimization / active learning,Fiber lasers / high-power delivery,geometry / topology / structural validity,,R2/RMSE/MAE - choose from full text,,,,,,,,FEM/FDTD/analytical/baseline - verify,,Holdout/CV/external/fabrication - verify,,,,,Needs full-text extraction
165,2024,"Tao, J., et al.",Deep generative model for inverse design of PCF supporting single-mode operation with large effective area > 1000 µm²,Inverse / generative design,Not explicit in title - full-text extraction needed,General PCF modeling / design,geometry / topology / structural validity,,R2/RMSE/MAE - choose from full text,,,,,,,,FEM/FDTD/analytical/baseline - verify,,Holdout/CV/external/fabrication - verify,,,,,Needs full-text extraction
166,2021,"Guo, C., et al.",Transfer learning from broad to narrow PCF parameter spaces for data-efficient surrogate modeling,Classical ML,Machine learning general,General PCF modeling / design,Not explicit in title,,R2/RMSE/MAE - choose from full text,,,,,,,,FEM/FDTD/analytical/baseline - verify,,Holdout/CV/external/fabrication - verify,,,,,Needs full-text extraction
167,2022,"Shen, B., et al.",Active learning with Gaussian process surrogates for optimal PCF design space sampling,Hybrid AI-metaheuristic / optimizer,GPR / Gaussian process / Kriging,General PCF modeling / design,Not explicit in title,,R2/RMSE/MAE - choose from full text,,,,,,,,FEM/FDTD/analytical/baseline - verify,,Holdout/CV/external/fabrication - verify,,,,,Needs full-text extraction
168,2022,"Chen, X., et al.",Physics-constrained deep learning for physically realizable PCF inverse design with hole-wall thickness enforcement,Inverse / generative design,PINN / physics-informed,General PCF modeling / design,geometry / topology / structural validity,,R2/RMSE/MAE - choose from full text,,,,,,,,FEM/FDTD/analytical/baseline - verify,,Holdout/CV/external/fabrication - verify,,,,,Needs full-text extraction
169,2023,"Zhao, J., et al.",SHAP explainability analysis of DNN surrogate models for PCF sensitivity prediction,Deep learning,Transformer / attention / ViT,PCF-SPR / biosensing,sensitivity / FOM / RIU,,R2/RMSE/MAE - choose from full text,,,,,,,,FEM/FDTD/analytical/baseline - verify,,Holdout/CV/external/fabrication - verify,,,,,Needs full-text extraction
170,2023,"Liu, Z., et al.",Fabrication-aware inverse design of PCF with stochastic hole-diameter perturbation embedding,Inverse / generative design,Not explicit in title - full-text extraction needed,Fabrication / digital twin / SEM inspection,geometry / topology / structural validity,,R2/RMSE/MAE - choose from full text,,,,,,,,FEM/FDTD/analytical/baseline - verify,,Holdout/CV/external/fabrication - verify,,,,,Needs full-text extraction
171,2024,"Wang, H., et al.",Digital twin framework for real-time monitoring and AI-guided control of PCF drawing tower processes,Background / non-AI / requires coding,Not explicit in title - full-text extraction needed,Fabrication / digital twin / SEM inspection,Not explicit in title,,R2/RMSE/MAE - choose from full text,,,,,,,,FEM/FDTD/analytical/baseline - verify,,Holdout/CV/external/fabrication - verify,,,,,Needs full-text extraction
172,2024,"Luo, J., et al.",Multi-fidelity Bayesian optimization for efficient PCF design with limited high-fidelity FEM samples,Hybrid AI-metaheuristic / optimizer,Bayesian optimization / active learning,General PCF modeling / design,Not explicit in title,,R2/RMSE/MAE - choose from full text,,,,,,,,FEM/FDTD/analytical/baseline - verify,,Holdout/CV/external/fabrication - verify,,,,,Needs full-text extraction
173,2024,"Huang, Y., et al.",Federated learning for privacy-preserving collaborative PCF surrogate modeling across institutions,Deep learning,Foundation / self-supervised / federated,General PCF modeling / design,Not explicit in title,,R2/RMSE/MAE - choose from full text,,,,,,,,FEM/FDTD/analytical/baseline - verify,,Holdout/CV/external/fabrication - verify,,,,,Needs full-text extraction
174,2025,"Du, J., et al.",Graph neural network (GNN) representation of PCF hole topology for structure-property modeling,Deep learning,GNN / graph neural network,General PCF modeling / design,geometry / topology / structural validity,,R2/RMSE/MAE - choose from full text,,,,,,,,FEM/FDTD/analytical/baseline - verify,,Holdout/CV/external/fabrication - verify,,,,,Needs full-text extraction
175,2025,"Wei, X., et al.",Foundation model for photonic crystal fiber: Pre-training on one million simulated structures for universal surrogate modeling,Deep learning,Foundation / self-supervised / federated,General PCF modeling / design,Not explicit in title,,R2/RMSE/MAE - choose from full text,,,,,,,,FEM/FDTD/analytical/baseline - verify,,Holdout/CV/external/fabrication - verify,,,,,Needs full-text extraction
176,2025,"Chen, Q., et al.",Quantum-inspired ML kernel optimization for high-dimensional PCF design space exploration,Classical ML,Machine learning general,General PCF modeling / design,Not explicit in title,,R2/RMSE/MAE - choose from full text,,,,,,,,FEM/FDTD/analytical/baseline - verify,,Holdout/CV/external/fabrication - verify,,,,,Needs full-text extraction
177,2022,"Li, Y., et al.",Surrogate-based multi-objective optimization of helical PCF for fiber-optic gyroscope using NSGA-II,Hybrid AI-metaheuristic / optimizer,Genetic algorithm / GA / NSGA,High-birefringence / PM-PCF,Not explicit in title,,R2/RMSE/MAE - choose from full text,,,,,,,,FEM/FDTD/analytical/baseline - verify,,Holdout/CV/external/fabrication - verify,,,,,Needs full-text extraction
178,2023,"Hu, Z., et al.",ANN-guided optimization of silicon microring resonators coupled to PCF for on-chip nonlinear photonics,Classical ML,ANN / MLP / BPNN,General PCF modeling / design,nonlinear coefficient / supercontinuum,,R2/RMSE/MAE - choose from full text,,,,,,,,FEM/FDTD/analytical/baseline - verify,,Holdout/CV/external/fabrication - verify,,,,,Needs full-text extraction
179,2023,"Park, H., et al.",Deep learning joint optimization of mode-division and wavelength-division multiplexing parameters in few-mode PCF,Deep learning,DNN / deep neural network,Optical communications / nonlinear optics,Not explicit in title,,R2/RMSE/MAE - choose from full text,,,,,,,,FEM/FDTD/analytical/baseline - verify,,Holdout/CV/external/fabrication - verify,,,,,Needs full-text extraction
180,2024,"Ye, H., et al.",Convolutional autoencoder for unsupervised PCF topology clustering and anomaly detection,Deep learning,CNN / ResNet / convolutional,General PCF modeling / design,geometry / topology / structural validity,,R2/RMSE/MAE - choose from full text,,,,,,,,FEM/FDTD/analytical/baseline - verify,,Holdout/CV/external/fabrication - verify,,,,,Needs full-text extraction
181,2024,"Huang, L., et al.","Multi-task DNN for simultaneous prediction of optical, mechanical, and thermal properties in chalcogenide PCF",Deep learning,DNN / deep neural network,General PCF modeling / design,Not explicit in title,,R2/RMSE/MAE - choose from full text,,,,,,,,FEM/FDTD/analytical/baseline - verify,,Holdout/CV/external/fabrication - verify,,,,,Needs full-text extraction
182,2026,"Jiao, Y., et al.",Real-time AI-guided fabrication feedback control for photonic crystal fiber drawing with 0.1% diameter tolerance,Background / non-AI / requires coding,Not explicit in title - full-text extraction needed,Fabrication / digital twin / SEM inspection,geometry / topology / structural validity,,R2/RMSE/MAE - choose from full text,,,,,,,,FEM/FDTD/analytical/baseline - verify,,Holdout/CV/external/fabrication - verify,,,,,Needs full-text extraction
183,2026,"Lin, Z., et al.",First experimental demonstration of diffusion-model-designed PCF with fabrication-verified properties in SPR biosensing,Inverse / generative design,DDPM / diffusion / score-based,PCF-SPR / biosensing,geometry / topology / structural validity,,R2/RMSE/MAE - choose from full text,,,,,,,,FEM/FDTD/analytical/baseline - verify,,Holdout/CV/external/fabrication - verify,,,,,Needs full-text extraction
184,2021,"Hassan, K., et al.",Comparative ML analysis for PCF biosensors: ANN vs,Classical ML,ANN / MLP / BPNN,PCF-SPR / biosensing,sensitivity / FOM / RIU,,R2/RMSE/MAE - choose from full text,,,,,,,,FEM/FDTD/analytical/baseline - verify,,Holdout/CV/external/fabrication - verify,,,,,Needs full-text extraction
185,2022,"Reza, M. S., et al.",Deep learning-based plasmonic PCF sensor for malaria parasite detection in blood samples,Deep learning,DNN / deep neural network,PCF-SPR / biosensing,sensitivity / FOM / RIU,,R2/RMSE/MAE - choose from full text,,,,,,,,FEM/FDTD/analytical/baseline - verify,,Holdout/CV/external/fabrication - verify,,,,,Needs full-text extraction
186,2022,"Sohel, M. A., et al.",XGBoost optimization of a twin-core PCF-SPR sensor for simultaneous multi-analyte detection,Classical ML,XGBoost / gradient boosting / LightGBM,PCF-SPR / biosensing,sensitivity / FOM / RIU,,R2/RMSE/MAE - choose from full text,,,,,,,,FEM/FDTD/analytical/baseline - verify,,Holdout/CV/external/fabrication - verify,,,,,Needs full-text extraction
187,2023,"Hossain, B., et al.",Gradient boosting surrogate for wavelength sensitivity prediction in nano-ring-coated PCF-SPR sensors,Deep learning,Transformer / attention / ViT,PCF-SPR / biosensing,sensitivity / FOM / RIU,,R2/RMSE/MAE - choose from full text,,,,,,,,FEM/FDTD/analytical/baseline - verify,,Holdout/CV/external/fabrication - verify,,,,,Needs full-text extraction
188,2023,"Islam, S., et al.",Physics-informed neural network for PCF-SPR biosensor modeling with electromagnetic constraint embedding,Deep learning,PINN / physics-informed,PCF-SPR / biosensing,sensitivity / FOM / RIU,,R2/RMSE/MAE - choose from full text,,,,,,,,FEM/FDTD/analytical/baseline - verify,,Holdout/CV/external/fabrication - verify,,,,,Needs full-text extraction
189,2024,"Liton, N., et al.",Explainable XGBoost analysis of gold-layer thickness effects in helical D-shaped PCF biosensors,Classical ML,XGBoost / gradient boosting / LightGBM,PCF-SPR / biosensing,sensitivity / FOM / RIU,,R2/RMSE/MAE - choose from full text,,,,,,,,FEM/FDTD/analytical/baseline - verify,,Holdout/CV/external/fabrication - verify,,,,,Needs full-text extraction
190,2024,"Begum, S., et al.","VAE-guided multi-objective inverse design of graphene-gold PCF-SPR sensor with target sensitivity > 12,000 nm/RIU",Inverse / generative design,VAE / beta-VAE / CVAE,PCF-SPR / biosensing,sensitivity / FOM / RIU; geometry / topology / structural validity,,R2/RMSE/MAE - choose from full text,,,,,,,,FEM/FDTD/analytical/baseline - verify,,Holdout/CV/external/fabrication - verify,,,,,Needs full-text extraction
191,2025,"Kabir, M. A., et al.",Diffusion model inverse design of plasmonic PCF biosensor arrays for simultaneous multi-cancer biomarker detection,Inverse / generative design,DDPM / diffusion / score-based,PCF-SPR / biosensing,sensitivity / FOM / RIU; geometry / topology / structural validity,,R2/RMSE/MAE - choose from full text,,,,,,,,FEM/FDTD/analytical/baseline - verify,,Holdout/CV/external/fabrication - verify,,,,,Needs full-text extraction
192,2021,"Paul, B. K., et al.",Numerical investigation and ANN-based optimization of an ethanol-sensor PCF,Classical ML,ANN / MLP / BPNN,Chemical / gas / liquid sensing,sensitivity / FOM / RIU,,R2/RMSE/MAE - choose from full text,,,,,,,,FEM/FDTD/analytical/baseline - verify,,Holdout/CV/external/fabrication - verify,,,,,Needs full-text extraction
193,2022,"Akter, S., et al.",Random forest-aided design of a highly porous PCF for VOC detection with enhanced sensitivity,Deep learning,Transformer / attention / ViT,Chemical / gas / liquid sensing,sensitivity / FOM / RIU,,R2/RMSE/MAE - choose from full text,,,,,,,,FEM/FDTD/analytical/baseline - verify,,Holdout/CV/external/fabrication - verify,,,,,Needs full-text extraction
194,2023,"Malka, D., et al.",CNN-based automated detection of structural defects in fabricated PCF cross-sections from SEM images,Deep learning,CNN / ResNet / convolutional,Fabrication / digital twin / SEM inspection,geometry / topology / structural validity,,R2/RMSE/MAE - choose from full text,,,,,,,,FEM/FDTD/analytical/baseline - verify,,Holdout/CV/external/fabrication - verify,,,,,Needs full-text extraction
195,2023,"Zhao, Y., et al.",DNN for rapid forward property prediction in spiral-lattice PCF for rotation sensing,Deep learning,DNN / deep neural network,General PCF modeling / design,Not explicit in title,,R2/RMSE/MAE - choose from full text,,,,,,,,FEM/FDTD/analytical/baseline - verify,,Holdout/CV/external/fabrication - verify,,,,,Needs full-text extraction
196,2024,"Guo, X., et al.",LSTM surrogate model for real-time prediction of pulse propagation in highly non-linear PCF under high power,Deep learning,LSTM / recurrent,General PCF modeling / design,Not explicit in title,,R2/RMSE/MAE - choose from full text,,,,,,,,FEM/FDTD/analytical/baseline - verify,,Holdout/CV/external/fabrication - verify,,,,,Needs full-text extraction
197,2022,"Vial, B., et al.",Topology optimization of PCF hole arrangement using adjoint-based gradient descent with DNN warm-starting,Deep learning,DNN / deep neural network,General PCF modeling / design,geometry / topology / structural validity,,R2/RMSE/MAE - choose from full text,,,,,,,,FEM/FDTD/analytical/baseline - verify,,Holdout/CV/external/fabrication - verify,,,,,Needs full-text extraction
198,2023,"Huang, Z., et al.",PINN-guided inverse design of graded-index PCF for simultaneous single-mode and flat dispersion operation,Inverse / generative design,PINN / physics-informed,Optical communications / nonlinear optics,chromatic/group velocity dispersion; geometry / topology / structural validity,,R2/RMSE/MAE - choose from full text,,,,,,,,FEM/FDTD/analytical/baseline - verify,,Holdout/CV/external/fabrication - verify,,,,,Needs full-text extraction
199,2024,"Liang, Q., et al.",Score-based generative model for inverse design of hollow-core nested anti-resonant nodeless fiber,Inverse / generative design,DDPM / diffusion / score-based,Hollow-core / anti-resonant PCF,geometry / topology / structural validity,,R2/RMSE/MAE - choose from full text,,,,,,,,FEM/FDTD/analytical/baseline - verify,,Holdout/CV/external/fabrication - verify,,,,,Needs full-text extraction
200,2026,"Song, H., et al.",Multi-agent reinforcement learning for autonomous exploration of high-dimensional PCF design spaces with surrogate environment,Inverse / generative design,Reinforcement learning / DQN / PPO,General PCF modeling / design,Not explicit in title,,R2/RMSE/MAE - choose from full text,,,,,,,,FEM/FDTD/analytical/baseline - verify,,Holdout/CV/external/fabrication - verify,,,,,Needs full-text extraction
201,2021,"Fan, X., et al.",ANN surrogate for joint prediction of birefringence and dispersion in elliptic-hole PCF with small core,Classical ML,ANN / MLP / BPNN,Optical communications / nonlinear optics,chromatic/group velocity dispersion; birefringence,,R2/RMSE/MAE - choose from full text,,,,,,,,FEM/FDTD/analytical/baseline - verify,,Holdout/CV/external/fabrication - verify,,,,,Needs full-text extraction
202,2022,"Zheng, C., et al.",DNN-driven parametric space exploration for PM-PCF in fiber Bragg grating sensing,Deep learning,DNN / deep neural network,General PCF modeling / design,Not explicit in title,,R2/RMSE/MAE - choose from full text,,,,,,,,FEM/FDTD/analytical/baseline - verify,,Holdout/CV/external/fabrication - verify,,,,,Needs full-text extraction
203,2023,"Dong, J., et al.",Multi-physics surrogate DNN coupling optical and thermo-mechanical properties of PCF for high-power delivery,Deep learning,DNN / deep neural network,General PCF modeling / design,Not explicit in title,,R2/RMSE/MAE - choose from full text,,,,,,,,FEM/FDTD/analytical/baseline - verify,,Holdout/CV/external/fabrication - verify,,,,,Needs full-text extraction
204,2024,"Wu, F., et al.",Active learning-guided design of low-loss large-pitch PCF for attosecond science,Hybrid AI-metaheuristic / optimizer,Bayesian optimization / active learning,General PCF modeling / design,confinement loss,,R2/RMSE/MAE - choose from full text,,,,,,,,FEM/FDTD/analytical/baseline - verify,,Holdout/CV/external/fabrication - verify,,,,,Needs full-text extraction
205,2024,"Lin, H., et al.",GAN inverse design for PCF supporting orbital angular momentum (OAM) mode propagation with low crosstalk,Inverse / generative design,GAN / cGAN,Optical communications / nonlinear optics,geometry / topology / structural validity,,R2/RMSE/MAE - choose from full text,,,,,,,,FEM/FDTD/analytical/baseline - verify,,Holdout/CV/external/fabrication - verify,,,,,Needs full-text extraction
206,2025,"Xue, Z., et al.",Diffusion-based conditional generation of twisted PCF structures for fiber OAM multiplexing,Inverse / generative design,DDPM / diffusion / score-based,Optical communications / nonlinear optics,Not explicit in title,,R2/RMSE/MAE - choose from full text,,,,,,,,FEM/FDTD/analytical/baseline - verify,,Holdout/CV/external/fabrication - verify,,,,,Needs full-text extraction
207,2022,"Chiang, T., et al.",RF-based feature importance analysis for identifying dominant geometric parameters in THz porous-core fiber,Classical ML,Random forest,THz PCF waveguides,Not explicit in title,,R2/RMSE/MAE - choose from full text,,,,,,,,FEM/FDTD/analytical/baseline - verify,,Holdout/CV/external/fabrication - verify,,,,,Needs full-text extraction
208,2023,"Kaur, V., et al.",Deep learning surrogate for simultaneous optimization of sensitivity and FOM in PCF-SPR label-free biosensors,Deep learning,Transformer / attention / ViT,PCF-SPR / biosensing,sensitivity / FOM / RIU,,R2/RMSE/MAE - choose from full text,,,,,,,,FEM/FDTD/analytical/baseline - verify,,Holdout/CV/external/fabrication - verify,,,,,Needs full-text extraction
209,2024,"Monika, M. I., et al.",Vision Transformer-XGBoost ensemble for plasmonic PCF sensor parameter prediction with uncertainty quantification,Deep learning,Transformer / attention / ViT,PCF-SPR / biosensing,sensitivity / FOM / RIU,,R2/RMSE/MAE - choose from full text,,,,,,,,FEM/FDTD/analytical/baseline - verify,,Holdout/CV/external/fabrication - verify,,,,,Needs full-text extraction
210,2025,"Hossain, M. B., et al.",Physics-guided ensemble learning for confinement loss prediction in D-shaped PCF with metallic overlay,Deep learning,PINN / physics-informed,General PCF modeling / design,confinement loss,,R2/RMSE/MAE - choose from full text,,,,,,,,FEM/FDTD/analytical/baseline - verify,,Holdout/CV/external/fabrication - verify,,,,,Needs full-text extraction
211,2022,"Chen, J., et al.",Graph convolutional network for irregular PCF hole topology representation and property prediction,Deep learning,GNN / graph neural network,General PCF modeling / design,geometry / topology / structural validity,,R2/RMSE/MAE - choose from full text,,,,,,,,FEM/FDTD/analytical/baseline - verify,,Holdout/CV/external/fabrication - verify,,,,,Needs full-text extraction
212,2023,"Zhou, Y., et al.",Topological deep learning for photonic crystal fiber with non-Euclidean air-hole arrangement,Deep learning,GNN / graph neural network,General PCF modeling / design,Not explicit in title,,R2/RMSE/MAE - choose from full text,,,,,,,,FEM/FDTD/analytical/baseline - verify,,Holdout/CV/external/fabrication - verify,,,,,Needs full-text extraction
213,2023,"Wang, R., et al.",Generative inverse design of PCF with arbitrary 2D hole pattern for custom dispersion engineering via score-based diffusion,Inverse / generative design,DDPM / diffusion / score-based,Optical communications / nonlinear optics,chromatic/group velocity dispersion; geometry / topology / structural validity,,R2/RMSE/MAE - choose from full text,,,,,,,,FEM/FDTD/analytical/baseline - verify,,Holdout/CV/external/fabrication - verify,,,,,Needs full-text extraction
214,2024,"Liu, X., et al.","Multi-conditional DDPM for simultaneous dispersion, nonlinearity, and loss co-optimization in micro-structured fibers",Inverse / generative design,DDPM / diffusion / score-based,Optical communications / nonlinear optics,confinement loss; chromatic/group velocity dispersion; nonlinear coefficient / supercontinuum,,R2/RMSE/MAE - choose from full text,,,,,,,,FEM/FDTD/analytical/baseline - verify,,Holdout/CV/external/fabrication - verify,,,,,Needs full-text extraction
215,2024,"Bi, W., et al.",Self-supervised pre-training on unlabeled PCF cross-section images for improved supervised surrogate modeling,Deep learning,Foundation / self-supervised / federated,General PCF modeling / design,geometry / topology / structural validity,,R2/RMSE/MAE - choose from full text,,,,,,,,FEM/FDTD/analytical/baseline - verify,,Holdout/CV/external/fabrication - verify,,,,,Needs full-text extraction
216,2025,"Zhao, L., et al.",Foundation model pre-training with 10 million simulated PCF spectra for universal photonic property prediction,Deep learning,Foundation / self-supervised / federated,General PCF modeling / design,Not explicit in title,,R2/RMSE/MAE - choose from full text,,,,,,,,FEM/FDTD/analytical/baseline - verify,,Holdout/CV/external/fabrication - verify,,,,,Needs full-text extraction
217,2022,"Tang, Y., et al.",Bayesian neural network surrogate with aleatoric and epistemic uncertainty quantification for PCF design under fabrication variability,Classical ML,ANN / MLP / BPNN,Fabrication / digital twin / SEM inspection,geometry / topology / structural validity,,R2/RMSE/MAE - choose from full text,,,,,,,,FEM/FDTD/analytical/baseline - verify,,Holdout/CV/external/fabrication - verify,,,,,Needs full-text extraction
218,2023,"Meng, Q., et al.",Uncertainty-aware deep learning for robust PCF-SPR sensor design under gold-layer deposition variability,Deep learning,DNN / deep neural network,PCF-SPR / biosensing,sensitivity / FOM / RIU,,R2/RMSE/MAE - choose from full text,,,,,,,,FEM/FDTD/analytical/baseline - verify,,Holdout/CV/external/fabrication - verify,,,,,Needs full-text extraction
219,2024,"Peng, X., et al.",Conformal prediction intervals for DNN-based PCF property prediction: Rigorous coverage guarantees for photonic surrogate models,Deep learning,DNN / deep neural network,General PCF modeling / design,Not explicit in title,,R2/RMSE/MAE - choose from full text,,,,,,,,FEM/FDTD/analytical/baseline - verify,,Holdout/CV/external/fabrication - verify,,,,,Needs full-text extraction
220,2025,"Xiao, J., et al.",Equivariant neural network surrogate for PCF design respecting rotational symmetry of cladding lattice,Classical ML,ANN / MLP / BPNN,General PCF modeling / design,Not explicit in title,,R2/RMSE/MAE - choose from full text,,,,,,,,FEM/FDTD/analytical/baseline - verify,,Holdout/CV/external/fabrication - verify,,,,,Needs full-text extraction
221,2022,"Guo, L., et al.",DNN-assisted optimization of double-clad PCF for high-power Er:Yb fiber lasers with reduced photodarkening,Deep learning,DNN / deep neural network,Fiber lasers / high-power delivery,Not explicit in title,,R2/RMSE/MAE - choose from full text,,,,,,,,FEM/FDTD/analytical/baseline - verify,,Holdout/CV/external/fabrication - verify,,,,,Needs full-text extraction
222,2023,"Huang, W., et al.",Machine learning design of chirped-pitch PCF for ultrashort pulse delivery in biomedical endoscopy,Classical ML,Machine learning general,General PCF modeling / design,Not explicit in title,,R2/RMSE/MAE - choose from full text,,,,,,,,FEM/FDTD/analytical/baseline - verify,,Holdout/CV/external/fabrication - verify,,,,,Needs full-text extraction
223,2024,"Song, Z., et al.",Inverse design of high-sensitivity PCF hydrogen sensor via conditional VAE with fabrication constraint penalty,Inverse / generative design,VAE / beta-VAE / CVAE,Chemical / gas / liquid sensing,sensitivity / FOM / RIU; geometry / topology / structural validity,,R2/RMSE/MAE - choose from full text,,,,,,,,FEM/FDTD/analytical/baseline - verify,,Holdout/CV/external/fabrication - verify,,,,,Needs full-text extraction
224,2026,"He, J., et al.","Autonomous AI-driven closed-loop PCF fabrication system integrating digital twin, RL agent, and drawing tower feedback",Background / non-AI / requires coding,Not explicit in title - full-text extraction needed,Fabrication / digital twin / SEM inspection,geometry / topology / structural validity,,R2/RMSE/MAE - choose from full text,,,,,,,,FEM/FDTD/analytical/baseline - verify,,Holdout/CV/external/fabrication - verify,,,,,Needs full-text extraction
225,2026,"Wei, T., et al.",Comparative validation of structural-realizability metrics for diffusion-model-generated photonic crystal fiber geometries against drawing-tower fabrication constraints,Inverse / generative design,DDPM / diffusion / score-based,Fabrication / digital twin / SEM inspection,geometry / topology / structural validity,,R2/RMSE/MAE - choose from full text,,,,,,,,FEM/FDTD/analytical/baseline - verify,,Holdout/CV/external/fabrication - verify,,,,,Needs full-text extraction
