@article{Dawood2026PCFPostCutoff1,
  title = {AI-enhanced inverse design of photonic crystal fiber optical modulator using deep reinforcement learning technique},
  author = {Dawood, N. Y. M. and Younis, B. M. and Hameed, M. F. O. and others},
  year = {2026},
  journal = {Scientific Reports},
  volume = {16},
  pages = {19551},
  doi = {10.1038/s41598-026-52039-z},
  url = {https://www.nature.com/articles/s41598-026-52039-z},
  note = {Post-cutoff surveillance candidate; published after 31 May 2026 manuscript cutoff; do not include unless cutoff is updated.}
}
